PID,Process,Start VPN,End VPN,Tag,Protection,CommitCharge,PrivateMemory,File output,Notes
4444,MsMpEng.exe,0x1c2805b0000,0x1c2806bcfff,VadS,PAGE_EXECUTE_READWRITE,269,1,Disabled,N/A
4444,MsMpEng.exe,0x1c280b70000,0x1c280c7cfff,VadS,PAGE_EXECUTE_READWRITE,269,1,Disabled,N/A
4444,MsMpEng.exe,0x1c280e40000,0x1c280f4cfff,VadS,PAGE_EXECUTE_READWRITE,269,1,Disabled,N/A
4444,MsMpEng.exe,0x1c2a9b00000,0x1c2a9c0cfff,VadS,PAGE_EXECUTE_READWRITE,269,1,Disabled,N/A
4444,MsMpEng.exe,0x1c2b3b50000,0x1c2b3d4ffff,VadS,PAGE_EXECUTE_READWRITE,512,1,Disabled,N/A
4444,MsMpEng.exe,0x1c2b3a50000,0x1c2b3b4ffff,VadS,PAGE_EXECUTE_READWRITE,256,1,Disabled,N/A
7992,sqlceip.exe,0x1e69eff0000,0x1e69effffff,VadS,PAGE_EXECUTE_READWRITE,6,1,Disabled,N/A
9164,SmartAudio3.ex,0x3960000,0x3960fff,VadS,PAGE_EXECUTE_READWRITE,1,1,Disabled,N/A
9164,SmartAudio3.ex,0x1d780000,0x1d78ffff,VadS,PAGE_EXECUTE_READWRITE,10,1,Disabled,N/A
12812,LinkedIn.exe,0x20003580000,0x2000358efff,VadS,PAGE_EXECUTE_READWRITE,1,1,Disabled,N/A
19232,powershell.exe,0x16ffc790000,0x16ffc79ffff,VadS,PAGE_EXECUTE_READWRITE,8,1,Disabled,N/A
18212,powershell.exe,0x2c349390000,0x2c34939ffff,VadS,PAGE_EXECUTE_READWRITE,8,1,Disabled,N/A
