Offset,Base,Size,Name,Path,File output
Offset,Base,Size,Name,Path,File output
0x898e89c53810,0xf80619600000,0x1046000,ntoskrnl.exe,\SystemRoot\system32\ntoskrnl.exe,Disabled
0x898e89c52e50,0xf80618bc0000,0x6000,hal.dll,\SystemRoot\system32\hal.dll,Disabled
0x898e89c53c20,0xf80618bd0000,0xb000,kdcom.dll,\SystemRoot\system32\kd.dll,Disabled
0x898e89c53dd0,0xf80618930000,0x28f000,mcupdate.dll,\SystemRoot\system32\mcupdate_GenuineIntel.dll,Disabled
0x898e89c54010,0xf80618c10000,0x6e000,CLFS.SYS,\SystemRoot\System32\drivers\CLFS.SYS,Disabled
0x898e89c541c0,0xf80618be0000,0x28000,tm.sys,\SystemRoot\System32\drivers\tm.sys,Disabled
0x898e89c54370,0xf80618c80000,0x1a000,PSHED.dll,\SystemRoot\system32\PSHED.dll,Disabled
0x898e89c54530,0xf80618ca0000,0xb000,BOOTVID.dll,\SystemRoot\system32\BOOTVID.dll,Disabled
0x898e89c546e0,0xf80618cb0000,0x6d000,FLTMGR.SYS,\SystemRoot\System32\drivers\FLTMGR.SYS,Disabled
0x898e89c548a0,0xf8061e350000,0x62000,msrpc.sys,\SystemRoot\System32\drivers\msrpc.sys,Disabled
0x898e89c54a70,0xf8061e320000,0x2c000,ksecdd.sys,\SystemRoot\System32\drivers\ksecdd.sys,Disabled
0x898e89c6dde0,0xf8061e200000,0x117000,clipsp.sys,\SystemRoot\System32\drivers\clipsp.sys,Disabled
0x898e89c54c30,0xf8061e3c0000,0x10000,cmimcext.sys,\SystemRoot\System32\drivers\cmimcext.sys,Disabled
0x898e89c54df0,0xf8061e3e0000,0x11000,werkernel.sys,\SystemRoot\System32\drivers\werkernel.sys,Disabled
0x898e89c55010,0xf80618d20000,0xc000,ntosext.sys,\SystemRoot\System32\drivers\ntosext.sys,Disabled
0x898e89c551c0,0xf8061e400000,0xec000,CI.dll,\SystemRoot\system32\CI.dll,Disabled
0x898e89c55390,0xf8061e4f0000,0xbb000,cng.sys,\SystemRoot\System32\drivers\cng.sys,Disabled
0x898e89c55550,0xf8061e5b0000,0xd1000,Wdf01000.sys,\SystemRoot\system32\drivers\Wdf01000.sys,Disabled
0x898e89c55720,0xf8061e690000,0x13000,WDFLDR.SYS,\SystemRoot\system32\drivers\WDFLDR.SYS,Disabled
0x898e89c558d0,0xf8061e6c0000,0x11000,WppRecorder.sys,\SystemRoot\system32\drivers\WppRecorder.sys,Disabled
0x898e89c55a90,0xf8061e6b0000,0xf000,SleepStudyHelper.sys,\SystemRoot\system32\drivers\SleepStudyHelper.sys,Disabled
0x898e89c55c50,0xf8061e6e0000,0x26000,acpiex.sys,\SystemRoot\System32\Drivers\acpiex.sys,Disabled
0x898e89c55e00,0xf8061e710000,0xe000,msseccore.sys,\SystemRoot\system32\drivers\msseccore.sys,Disabled
0x898e89c56010,0xf8061e720000,0xcc000,ACPI.sys,\SystemRoot\System32\drivers\ACPI.sys,Disabled
0x898e89c561e0,0xf8061e7f0000,0xc000,WMILIB.SYS,\SystemRoot\System32\drivers\WMILIB.SYS,Disabled
0x898e89c56540,0xf8061e810000,0x6b000,intelpep.sys,\SystemRoot\System32\drivers\intelpep.sys,Disabled
0x898e89c56700,0xf8061e880000,0x18000,WindowsTrustedRT.sys,\SystemRoot\system32\drivers\WindowsTrustedRT.sys,Disabled
0x898e89c568c0,0xf8061e8a0000,0xb000,IntelTA.sys,\SystemRoot\System32\drivers\IntelTA.sys,Disabled
0x898e89c56a70,0xf8061e8b0000,0xb000,WindowsTrustedRTProxy.sys,\SystemRoot\System32\drivers\WindowsTrustedRTProxy.sys,Disabled
0x898e89c56c40,0xf8061e8c0000,0x14000,pcw.sys,\SystemRoot\System32\drivers\pcw.sys,Disabled
0x898e89c56df0,0xf8061e8e0000,0xb000,msisadrv.sys,\SystemRoot\System32\drivers\msisadrv.sys,Disabled
0x898e89c57010,0xf8061e8f0000,0x77000,pci.sys,\SystemRoot\System32\drivers\pci.sys,Disabled
0x898e89c571c0,0xf8061e970000,0x15000,vdrvroot.sys,\SystemRoot\System32\drivers\vdrvroot.sys,Disabled
0x898e89c57370,0xf8061e990000,0x30000,pdc.sys,\SystemRoot\system32\drivers\pdc.sys,Disabled
0x898e89c57520,0xf8061e9d0000,0x19000,CEA.sys,\SystemRoot\system32\drivers\CEA.sys,Disabled
0x898e89c6fd50,0xf8061ea00000,0x31000,partmgr.sys,\SystemRoot\System32\drivers\partmgr.sys,Disabled
0x898e89c576d0,0xf8061ea40000,0xab000,spaceport.sys,\SystemRoot\System32\drivers\spaceport.sys,Disabled
0x898e89c6fbb0,0xf8061eaf0000,0x19000,volmgr.sys,\SystemRoot\System32\drivers\volmgr.sys,Disabled
0x898e89c578a0,0xf8061eb10000,0x63000,volmgrx.sys,\SystemRoot\System32\drivers\volmgrx.sys,Disabled
0x898e89c57a60,0xf8061eb80000,0x32000,vmbus.sys,\SystemRoot\System32\drivers\vmbus.sys,Disabled
0x898e89c57c20,0xf8061ec90000,0x16f000,NDIS.SYS,\SystemRoot\System32\drivers\NDIS.SYS,Disabled
0x898e89c57e00,0xf8061ebf0000,0x9c000,NETIO.SYS,\SystemRoot\System32\drivers\NETIO.SYS,Disabled
0x898e89c58010,0xf8061ebc0000,0x2b000,hvsocket.sys,\SystemRoot\System32\drivers\hvsocket.sys,Disabled
0x898e89c581d0,0xf8061ee00000,0x23000,vmbkmcl.sys,\SystemRoot\System32\drivers\vmbkmcl.sys,Disabled
0x898e89c6f530,0xf8061ee30000,0x13000,winhv.sys,\SystemRoot\System32\drivers\winhv.sys,Disabled
0x898e89c6f870,0xf8061ee50000,0x18000,vsock.sys,\SystemRoot\system32\DRIVERS\vsock.sys,Disabled
0x898e89c58390,0xf8061ee70000,0x1d000,vmci.sys,\SystemRoot\System32\drivers\vmci.sys,Disabled
0x898e89c6f050,0xf8061ee90000,0x1e000,mountmgr.sys,\SystemRoot\System32\drivers\mountmgr.sys,Disabled
0x898e89c6f1f0,0xf8061eeb0000,0x32000,storahci.sys,\SystemRoot\System32\drivers\storahci.sys,Disabled
0x898e89c58530,0xf8061eef0000,0xb5000,storport.sys,\SystemRoot\System32\drivers\storport.sys,Disabled
0x898e89c58700,0xf8061efb0000,0x1c000,EhStorClass.sys,\SystemRoot\System32\drivers\EhStorClass.sys,Disabled
0x898e89c6f6d0,0xf8061efd0000,0x1a000,fileinfo.sys,\SystemRoot\System32\drivers\fileinfo.sys,Disabled
0x898e89c6f390,0xf8061eff0000,0x40000,Wof.sys,\SystemRoot\System32\Drivers\Wof.sys,Disabled
0x898e89c708c0,0xf8061f040000,0x98000,WdFilter.sys,\SystemRoot\system32\drivers\wd\WdFilter.sys,Disabled
0x898e89c6e1c0,0xf8061f0e0000,0x2d7000,Ntfs.sys,\SystemRoot\System32\Drivers\Ntfs.sys,Disabled
0x898e89c6fa10,0xf8061e9f0000,0xd000,Fs_Rec.sys,\SystemRoot\System32\Drivers\Fs_Rec.sys,Disabled
0x898e89c71050,0xf8061f3c0000,0x32000,ksecpkg.sys,\SystemRoot\System32\Drivers\ksecpkg.sys,Disabled
0x898e89c588c0,0xf8061f400000,0x2ec000,tcpip.sys,\SystemRoot\System32\drivers\tcpip.sys,Disabled
0x898e89c70dd0,0xf8061f6f0000,0x7f000,fwpkclnt.sys,\SystemRoot\System32\drivers\fwpkclnt.sys,Disabled
0x898e89c72bf0,0xf8061f770000,0x30000,wfplwfs.sys,\SystemRoot\System32\drivers\wfplwfs.sys,Disabled
0x898e89c72710,0xf8061f7b0000,0x11000,hpdskflt.sys,\SystemRoot\System32\drivers\hpdskflt.sys,Disabled
0x898e89c58ae0,0xf8061f7d0000,0xcb000,fvevol.sys,\SystemRoot\System32\DRIVERS\fvevol.sys,Disabled
0x898e89c728b0,0xf8061f8a0000,0xb000,volume.sys,\SystemRoot\System32\drivers\volume.sys,Disabled
0x898e89c70200,0xf8061f8b0000,0x6d000,volsnap.sys,\SystemRoot\System32\drivers\volsnap.sys,Disabled
0x898e89c70050,0xf8061f920000,0x50000,rdyboost.sys,\SystemRoot\System32\drivers\rdyboost.sys,Disabled
0x898e89c71bb0,0xf8061f980000,0x27000,mup.sys,\SystemRoot\System32\Drivers\mup.sys,Disabled
0x898e89c71a10,0xf8061f9b0000,0x12000,iorate.sys,\SystemRoot\system32\drivers\iorate.sys,Disabled
0x898e89c711f0,0xf8061f9f0000,0x1d000,disk.sys,\SystemRoot\System32\drivers\disk.sys,Disabled
0x898e89c703b0,0xf8061fa10000,0x72000,CLASSPNP.SYS,\SystemRoot\System32\drivers\CLASSPNP.SYS,Disabled
0x898e8baf6530,0xf80621570000,0xe000,Accelerometer.sys,\SystemRoot\System32\drivers\Accelerometer.sys,Disabled
0x898e8baf7a50,0xf806215a0000,0x1e000,crashdmp.sys,\SystemRoot\System32\Drivers\crashdmp.sys,Disabled
0x898e8baf7230,0xf80620ac0000,0x30000,cdrom.sys,\SystemRoot\System32\drivers\cdrom.sys,Disabled
0x898e89c90c20,0xf80620b00000,0x15000,filecrypt.sys,\SystemRoot\system32\drivers\filecrypt.sys,Disabled
0x898e8baf61f0,0xf80620b20000,0xe000,tbs.sys,\SystemRoot\system32\drivers\tbs.sys,Disabled
0x898e8baf6050,0xf80620b30000,0x1d000,UCPD.sys,\SystemRoot\system32\drivers\UCPD.sys,Disabled
0x898e8b7d3ae0,0xf80620b50000,0xa000,Null.SYS,\SystemRoot\System32\Drivers\Null.SYS,Disabled
0x898e8b7d3180,0xf80620b60000,0xa000,Beep.SYS,\SystemRoot\System32\Drivers\Beep.SYS,Disabled
0x898e8bdf1560,0xf80620b70000,0x3aa000,dxgkrnl.sys,\SystemRoot\System32\drivers\dxgkrnl.sys,Disabled
0x898e8bdd9870,0xf80620f20000,0x18000,watchdog.sys,\SystemRoot\System32\drivers\watchdog.sys,Disabled
0x898e89c90a70,0xf80620f40000,0x16000,BasicDisplay.sys,\SystemRoot\System32\DriverStore\FileRepository\basicdisplay.inf_amd64_19e58b6267591a82\BasicDisplay.sys,Disabled
0x898e89c70c20,0xf80620f60000,0x12000,BasicRender.sys,\SystemRoot\System32\DriverStore\FileRepository\basicrender.inf_amd64_834370054462f35e\BasicRender.sys,Disabled
0x898e8bddaa50,0xf80620f80000,0x1c000,Npfs.SYS,\SystemRoot\System32\Drivers\Npfs.SYS,Disabled
0x898e8bdd9530,0xf80620fa0000,0x11000,Msfs.SYS,\SystemRoot\System32\Drivers\Msfs.SYS,Disabled
0x898e8bdda230,0xf80620fc0000,0x1e000,CimFS.SYS,\SystemRoot\System32\Drivers\CimFS.SYS,Disabled
0x898e8bdd9a10,0xf80620fe0000,0x24000,tdx.sys,\SystemRoot\system32\DRIVERS\tdx.sys,Disabled
0x898e8bdda3d0,0xf80621010000,0x10000,TDI.SYS,\SystemRoot\system32\DRIVERS\TDI.SYS,Disabled
0x898e8bdd9390,0xf80621030000,0xe000,ws2ifsl.sys,\SystemRoot\system32\drivers\ws2ifsl.sys,Disabled
0x898e89c90dd0,0xf80621040000,0x5d000,netbt.sys,\SystemRoot\System32\DRIVERS\netbt.sys,Disabled
0x898e8b676130,0xf806210a0000,0x14000,afunix.sys,\SystemRoot\system32\drivers\afunix.sys,Disabled
0x898e8b91a810,0xf806210c0000,0xa7000,afd.sys,\SystemRoot\system32\drivers\afd.sys,Disabled
0x898e8bdd96d0,0xf80621170000,0x1a000,vwififlt.sys,\SystemRoot\System32\drivers\vwififlt.sys,Disabled
0x898e8bdda710,0xf80621190000,0x2b000,pacer.sys,\SystemRoot\System32\drivers\pacer.sys,Disabled
0x898e8bdda8b0,0xf806211c0000,0x14000,ndiscap.sys,\SystemRoot\System32\drivers\ndiscap.sys,Disabled
0x898e8bddabf0,0xf806211e0000,0x14000,netbios.sys,\SystemRoot\system32\drivers\netbios.sys,Disabled
0x898e8b6767f0,0xf80621200000,0xa1000,Vid.sys,\SystemRoot\System32\drivers\Vid.sys,Disabled
0x898e8b675560,0xf806212b0000,0x22000,winhvr.sys,\SystemRoot\System32\drivers\winhvr.sys,Disabled
0x898e8b6762e0,0xf806212e0000,0x7c000,rdbss.sys,\SystemRoot\system32\DRIVERS\rdbss.sys,Disabled
0x898e8b676490,0xf80621360000,0x95000,csc.sys,\SystemRoot\system32\drivers\csc.sys,Disabled
0x898e8bddad90,0xf80621400000,0x12000,nsiproxy.sys,\SystemRoot\system32\drivers\nsiproxy.sys,Disabled
0x898e8b676640,0xf80621420000,0xe000,npsvctrig.sys,\SystemRoot\System32\drivers\npsvctrig.sys,Disabled
0x898e8bdd9050,0xf80621430000,0x10000,mssmbios.sys,\SystemRoot\System32\drivers\mssmbios.sys,Disabled
0x898e8be296d0,0xf80621450000,0xa000,gpuenergydrv.sys,\SystemRoot\System32\drivers\gpuenergydrv.sys,Disabled
0x898e8be2aa50,0xf80621460000,0x2c000,dfsc.sys,\SystemRoot\System32\Drivers\dfsc.sys,Disabled
0x898e8b675050,0xf806214b0000,0x6d000,fastfat.SYS,\SystemRoot\System32\Drivers\fastfat.SYS,Disabled
0x898e8be2a3d0,0xf80622670000,0x7b000,cbfs22.sys,\SystemRoot\system32\drivers\cbfs22.sys,Disabled
0x898e8be29d50,0xf806226f0000,0x36000,cbdisk22.sys,\SystemRoot\system32\drivers\cbdisk22.sys,Disabled
0x898e8be29530,0xf80622730000,0x17000,bam.sys,\SystemRoot\system32\drivers\bam.sys,Disabled
0x898e8b6758c0,0xf80622750000,0x52000,ahcache.sys,\SystemRoot\system32\DRIVERS\ahcache.sys,Disabled
0x898e8b675a70,0xf806227b0000,0xc000,tap_ovpnconnect.sys,\SystemRoot\System32\drivers\tap_ovpnconnect.sys,Disabled
0x898e8be2a230,0xf806227c0000,0x19000,ovpn-dco.sys,\SystemRoot\System32\drivers\ovpn-dco.sys,Disabled
0x898e8b675710,0xf80622400000,0x38000,NetAdapterCx.sys,\SystemRoot\system32\drivers\NetAdapterCx.sys,Disabled
0x898e8be2a710,0xf80622440000,0xa000,vmnetadapter.sys,\SystemRoot\System32\drivers\vmnetadapter.sys,Disabled
0x898e8be29bb0,0xf80622450000,0xc000,VMNET.SYS,\SystemRoot\System32\drivers\VMNET.SYS,Disabled
0x898e8b675dd0,0xf80622460000,0x12000,CompositeBus.sys,\SystemRoot\System32\DriverStore\FileRepository\compositebus.inf_amd64_7500cffa210c6946\CompositeBus.sys,Disabled
0x898e8be2a570,0xf80622480000,0xd000,kdnic.sys,\SystemRoot\System32\drivers\kdnic.sys,Disabled
0x898e8be29050,0xf80622490000,0x15000,umbus.sys,\SystemRoot\System32\DriverStore\FileRepository\umbus.inf_amd64_b78a9c5b6fd62c27\umbus.sys,Disabled
0x898e8be2ad90,0xf806224b0000,0x15000,CAD.sys,\SystemRoot\System32\drivers\CAD.sys,Disabled
0x898e8bf27230,0xf806224d0000,0xc000,wmiacpi.sys,\SystemRoot\System32\drivers\wmiacpi.sys,Disabled
0x898e8bf18010,0xf8062dd50000,0x1a53000,igdkmd64.sys,\SystemRoot\System32\DriverStore\FileRepository\igdlh64.inf_amd64_e6daaea9afe1e6f6\igdkmd64.sys,Disabled
0x898e8b920a10,0xf8062d000000,0x9d000,USBXHCI.SYS,\SystemRoot\System32\drivers\USBXHCI.SYS,Disabled
0x898e8befa710,0xf8062d0a0000,0x44000,ucx01000.sys,\SystemRoot\system32\drivers\ucx01000.sys,Disabled
0x898e8bf8fd60,0xf8062d0f0000,0x2f000,iaLPSS2i_I2C.sys,\SystemRoot\System32\drivers\iaLPSS2i_I2C.sys,Disabled
0x898e8bf92460,0xf8062d120000,0x1a000,SpbCx.sys,\SystemRoot\system32\drivers\SpbCx.sys,Disabled
0x898e8bcdfd00,0xf8062d140000,0x48000,TeeDriverW8x64.sys,\SystemRoot\System32\drivers\TeeDriverW8x64.sys,Disabled
0x898e8bf92600,0xf8062d190000,0x1c000,serial.sys,\SystemRoot\System32\drivers\serial.sys,Disabled
0x898e8bf92c80,0xf8062d1b0000,0xf000,serenum.sys,\SystemRoot\System32\drivers\serenum.sys,Disabled
0x898e8bcdea70,0xf8062d1c0000,0xf5000,RtsPer.sys,\SystemRoot\System32\drivers\RtsPer.sys,Disabled
0x898e8d00a260,0xf8062d2c0000,0x8aa000,Netwtw06.sys,\SystemRoot\System32\drivers\Netwtw06.sys,Disabled
0x898e8b923cd0,0xf8062db70000,0xf2000,wdiwifi.sys,\SystemRoot\system32\DRIVERS\wdiwifi.sys,Disabled
0x898e8d015770,0xf8062dc70000,0xe000,vwifibus.sys,\SystemRoot\System32\drivers\vwifibus.sys,Disabled
0x898e8d016130,0xf8062dc80000,0x21000,i8042prt.sys,\SystemRoot\System32\drivers\i8042prt.sys,Disabled
0x898e8d015430,0xf8062dcb0000,0xf000,HpqKbFiltr.sys,\SystemRoot\System32\drivers\HpqKbFiltr.sys,Disabled
0x898e8bcdedd0,0xf806224e0000,0x9f000,SynTP.sys,\SystemRoot\System32\drivers\SynTP.sys,Disabled
0x898e8d0162d0,0xf8062dcc0000,0xe000,USBD.SYS,\SystemRoot\System32\drivers\USBD.SYS,Disabled
0x898e8d015ab0,0xf8062dcd0000,0x14000,kbdclass.sys,\SystemRoot\System32\drivers\kbdclass.sys,Disabled
0x898e8d015df0,0xf8062dcf0000,0x13000,mouclass.sys,\SystemRoot\System32\drivers\mouclass.sys,Disabled
0x898e8d04f3b0,0xf8062f7b0000,0x42000,IntcAudioBus.sys,\SystemRoot\System32\drivers\IntcAudioBus.sys,Disabled
0x898e8d04fc20,0xf80622580000,0x66000,portcls.sys,\SystemRoot\System32\drivers\portcls.sys,Disabled
0x898e8d014730,0xf8062dd10000,0x21000,drmk.sys,\SystemRoot\System32\drivers\drmk.sys,Disabled
0x898e8d0509a0,0xf806225f0000,0x78000,ks.sys,\SystemRoot\System32\drivers\ks.sys,Disabled
0x898e8d050b50,0xf8062dd40000,0xe000,Smb_driver_Intel.sys,\SystemRoot\System32\drivers\Smb_driver_Intel.sys,Disabled
0x898e8d04fa70,0xf80633540000,0x96000,e1d68x64.sys,\SystemRoot\System32\DriverStore\FileRepository\e1d68x64.inf_amd64_b32d0891eb98aee4\e1d68x64.sys,Disabled
0x898e8d050130,0xf806335e0000,0x19000,iaLPSS2i_GPIO2.sys,\SystemRoot\System32\drivers\iaLPSS2i_GPIO2.sys,Disabled
0x898e8d04fdd0,0xf80633200000,0x33000,msgpioclx.sys,\SystemRoot\System32\Drivers\msgpioclx.sys,Disabled
0x898e8d013070,0xf80633240000,0xf000,CmBatt.sys,\SystemRoot\System32\drivers\CmBatt.sys,Disabled
0x898e8d0148d0,0xf80633250000,0x10000,BATTC.SYS,\SystemRoot\System32\drivers\BATTC.SYS,Disabled
0x898e8d0e5490,0xf80633270000,0x42000,intelppm.sys,\SystemRoot\System32\drivers\intelppm.sys,Disabled
0x898e8d0133b0,0xf806332c0000,0xb000,acpipagr.sys,\SystemRoot\System32\drivers\acpipagr.sys,Disabled
0x898e8d01f310,0xf806332d0000,0xa000,WirelessButtonDriver64.sys,\SystemRoot\System32\drivers\WirelessButtonDriver64.sys,Disabled
0x898e8d0e59a0,0xf806332e0000,0xb000,mshidkmdf.sys,\SystemRoot\System32\Drivers\mshidkmdf.sys,Disabled
0x898e8d0e4c20,0xf806332f0000,0x41000,HIDCLASS.SYS,\SystemRoot\System32\Drivers\HIDCLASS.SYS,Disabled
0x898e8d013550,0xf80633340000,0x13000,HIDPARSE.SYS,\SystemRoot\System32\Drivers\HIDPARSE.SYS,Disabled
0x898e8d014a70,0xf80633360000,0x45000,tpm.sys,\SystemRoot\System32\drivers\tpm.sys,Disabled
0x898e8d0136f0,0xf806333b0000,0xe000,UEFI.sys,\SystemRoot\System32\DriverStore\FileRepository\uefi.inf_amd64_c1628ffa62c8e54c\UEFI.sys,Disabled
0x898e8d0f5490,0xf806333c0000,0xd000,NdisVirtualBus.sys,\SystemRoot\System32\drivers\NdisVirtualBus.sys,Disabled
0x898e8d0150f0,0xf806333d0000,0xc000,swenum.sys,\SystemRoot\System32\DriverStore\FileRepository\swenum.inf_amd64_16a14542b63c02af\swenum.sys,Disabled
0x898e8d013bd0,0xf806333e0000,0x9000,cbfspnpbus.sys,\SystemRoot\System32\drivers\cbfspnpbus.sys,Disabled
0x898e8d015290,0xf806333f0000,0xe000,rdpbus.sys,\SystemRoot\System32\drivers\rdpbus.sys,Disabled
0x898e8d2c9890,0xf80633400000,0x10000,mouhid.sys,\SystemRoot\System32\drivers\mouhid.sys,Disabled
0x898e8d2ca0b0,0xf80633420000,0xc000,MTConfig.sys,\SystemRoot\System32\drivers\MTConfig.sys,Disabled
0x898e8d029cd0,0xf80633430000,0xa3000,UsbHub3.sys,\SystemRoot\System32\drivers\UsbHub3.sys,Disabled
0x898e8d2cb910,0xf806334e0000,0xb000,iocbios2.sys,\SystemRoot\System32\drivers\iocbios2.sys,Disabled
0x898e8d4a3dd0,0xf806343d0000,0xcf000,IntcOED.sys,\SystemRoot\System32\drivers\IntcOED.sys,Disabled
0x898e8baf6a10,0xf80634590000,0x34000,usbccgp.sys,\SystemRoot\System32\drivers\usbccgp.sys,Disabled
0x898e8dac2b70,0xf80633600000,0x250000,CHDRT64ISST.sys,\SystemRoot\system32\drivers\CHDRT64ISST.sys,Disabled
0x898e98de30f0,0xf80633860000,0x11000,ksthunk.sys,\SystemRoot\system32\drivers\ksthunk.sys,Disabled
0x898e8b0082d0,0xf80633880000,0xc2000,IntcDAud.sys,\SystemRoot\System32\drivers\IntcDAud.sys,Disabled
0x898e8b008810,0xf80633950000,0xb8000,SPUVCbv64.sys,\SystemRoot\System32\Drivers\SPUVCbv64.sys,Disabled
0x898e98dc8b50,0xfc53b5800000,0x9b000,win32k.sys,\SystemRoot\System32\win32k.sys,Disabled
0x898e8db7e420,0xfc53b61f0000,0x2d7000,win32kbase.sys,\SystemRoot\System32\win32kbase.sys,Disabled
0x898e89c903b0,0xf80633a20000,0xf000,dump_storport.sys,\SystemRoot\System32\Drivers\dump_diskdump.sys,Disabled
0x898e89c908c0,0xf80633a70000,0x32000,dump_storahci.sys,\SystemRoot\System32\drivers\dump_storahci.sys,Disabled
0x898e89c70a70,0xf80633ad0000,0x1d000,dump_dumpfve.sys,\SystemRoot\System32\Drivers\dump_dumpfve.sys,Disabled
0x898e976cd420,0xfc53b5a00000,0x3b4000,win32kfull.sys,\SystemRoot\System32\win32kfull.sys,Disabled
0x898e8b009b50,0xf80633af0000,0xdf000,dxgmms2.sys,\SystemRoot\System32\drivers\dxgmms2.sys,Disabled
0x898e98de6690,0xf80633bd0000,0x1b000,monitor.sys,\SystemRoot\System32\drivers\monitor.sys,Disabled
0x898e96eec890,0xfc53b5dc0000,0x49000,cdd.dll,\SystemRoot\System32\cdd.dll,Disabled
0x898e98de6d10,0xf80633bf0000,0x20000,WinUSB.SYS,\SystemRoot\System32\drivers\WinUSB.SYS,Disabled
0x898e977fc8d0,0xf80633c20000,0x54000,WUDFRd.sys,\SystemRoot\System32\drivers\WUDFRd.sys,Disabled
0x898e8bbf84b0,0xf80633c80000,0x2b000,luafv.sys,\SystemRoot\system32\drivers\luafv.sys,Disabled
0x898e98dea2b0,0xf80633cb0000,0x37000,wcifs.sys,\SystemRoot\system32\drivers\wcifs.sys,Disabled
0x898e8bbf7df0,0xf80633cf0000,0x82000,cldflt.sys,\SystemRoot\system32\drivers\cldflt.sys,Disabled
0x898e8bbf5210,0xf80633d80000,0x14000,mmcss.sys,\SystemRoot\system32\drivers\mmcss.sys,Disabled
0x898e8bbf62f0,0xf80633da0000,0x1a000,storqosflt.sys,\SystemRoot\system32\drivers\storqosflt.sys,Disabled
0x898e98de7870,0xf80633dc0000,0x27000,bindflt.sys,\SystemRoot\system32\drivers\bindflt.sys,Disabled
0x898e98de98f0,0xf80633e10000,0x11000,vmnetbridge.sys,\SystemRoot\system32\DRIVERS\vmnetbridge.sys,Disabled
0x898e98de9270,0xf80633e30000,0x18000,lltdio.sys,\SystemRoot\system32\drivers\lltdio.sys,Disabled
0x898e98de90d0,0xf80633e50000,0x18000,mslldp.sys,\SystemRoot\system32\drivers\mslldp.sys,Disabled
0x898e98de95b0,0xf80633e70000,0x1b000,rspndr.sys,\SystemRoot\system32\drivers\rspndr.sys,Disabled
0x898e98dea450,0xf80633e90000,0xa000,vmnetuserif.sys,\SystemRoot\system32\DRIVERS\vmnetuserif.sys,Disabled
0x898e974fedf0,0xf80633ea0000,0xbf000,nwifi.sys,\SystemRoot\system32\DRIVERS\nwifi.sys,Disabled
0x898e98de9c30,0xf80633f60000,0x18000,ndisuio.sys,\SystemRoot\system32\drivers\ndisuio.sys,Disabled
0x898e974fe220,0xf80633f80000,0x56000,msquic.sys,\SystemRoot\system32\drivers\msquic.sys,Disabled
0x898e8bf4e8c0,0xf80633fe0000,0x12000,condrv.sys,\SystemRoot\System32\drivers\condrv.sys,Disabled
0x898e8dac8130,0xf80634000000,0x189000,HTTP.sys,\SystemRoot\system32\drivers\HTTP.sys,Disabled
0x898e974fe3d0,0xf80634190000,0x56000,srvnet.sys,\SystemRoot\System32\DRIVERS\srvnet.sys,Disabled
0x898e974fe580,0xf806341f0000,0xc7000,srv2.sys,\SystemRoot\System32\DRIVERS\srv2.sys,Disabled
0x898e974ff810,0xf806342c0000,0x25000,bowser.sys,\SystemRoot\system32\DRIVERS\bowser.sys,Disabled
0x898e98de8d90,0xf806342f0000,0x1a000,mpsdrv.sys,\SystemRoot\System32\drivers\mpsdrv.sys,Disabled
0x898e9a86c1d0,0xf80634310000,0x94000,mrxsmb.sys,\SystemRoot\system32\DRIVERS\mrxsmb.sys,Disabled
0x898e974ff9c0,0xf806344a0000,0x46000,mrxsmb20.sys,\SystemRoot\system32\DRIVERS\mrxsmb20.sys,Disabled
0x898e9889ed70,0xf806344f0000,0x23000,vmx86.sys,\SystemRoot\system32\DRIVERS\vmx86.sys,Disabled
0x898e98de8570,0xf80634520000,0x15000,hcmon.sys,\SystemRoot\system32\DRIVERS\hcmon.sys,Disabled
0x898e98de8710,0xf80634540000,0x2c000,idmwfp.sys,\SystemRoot\System32\drivers\idmwfp.sys,Disabled
0x898e98de8a50,0xf80634570000,0x13000,vwifimp.sys,\SystemRoot\System32\drivers\vwifimp.sys,Disabled
0x898e91e6a110,0xf806345d0000,0x27000,Ndu.sys,\SystemRoot\system32\drivers\Ndu.sys,Disabled
0x898e977db3d0,0xf8064f5b0000,0xd6000,peauth.sys,\SystemRoot\system32\drivers\peauth.sys,Disabled
0x898e91e68bf0,0xf8064f690000,0x15000,tcpipreg.sys,\SystemRoot\System32\drivers\tcpipreg.sys,Disabled
0x898e91e68a50,0xf8064f6b0000,0x1d000,rassstp.sys,\SystemRoot\System32\drivers\rassstp.sys,Disabled
0x898e91e6a930,0xf8064f6d0000,0x1d000,NDProxy.sys,\SystemRoot\System32\DRIVERS\NDProxy.sys,Disabled
0x898e91e6ac70,0xf8064f6f0000,0x28000,AgileVpn.sys,\SystemRoot\System32\drivers\AgileVpn.sys,Disabled
0x898e973f1df0,0xf8064f720000,0x21000,rasl2tp.sys,\SystemRoot\System32\drivers\rasl2tp.sys,Disabled
0x898e973f13d0,0xf8064f750000,0x21000,raspptp.sys,\SystemRoot\System32\drivers\raspptp.sys,Disabled
0x898e91e68d90,0xf8064f780000,0x1c000,raspppoe.sys,\SystemRoot\System32\DRIVERS\raspppoe.sys,Disabled
0x898e91e69270,0xf8064f7a0000,0xf000,ndistapi.sys,\SystemRoot\System32\DRIVERS\ndistapi.sys,Disabled
0x898e91e68090,0xf8064f7b0000,0x3a000,ndiswan.sys,\SystemRoot\System32\drivers\ndiswan.sys,Disabled
0x898e91e683d0,0xf8064ea00000,0x54000,KslD.sys,\SystemRoot\system32\drivers\wd\KslD.sys,Disabled
0x898e973f9130,0xf8064ea60000,0x1a000,WdNisDrv.sys,\SystemRoot\system32\drivers\wd\WdNisDrv.sys,Disabled
0x898e920db170,0xf8064ed90000,0xc000,AppleLowerFilter.sys,\SystemRoot\System32\drivers\AppleLowerFilter.sys,Disabled
0x898e9258f6f0,0xf8064eda0000,0x9000,AppleKmdfFilter.sys,\SystemRoot\System32\drivers\AppleKmdfFilter.sys,Disabled
0x898e9e0bd270,0xf8064edb0000,0xd000,netaapl64.sys,\SystemRoot\System32\drivers\netaapl64.sys,Disabled
0x898e92584e30,0xf8064edc0000,0xe000,WpdUpFltr.sys,\SystemRoot\System32\drivers\WpdUpFltr.sys,Disabled
0x898e950040b0,0xf8064ee10000,0x10000,pme7771.tmp,\??\C:\Users\Dulitha\AppData\Local\Temp\pme7771.tmp,Disabled
